,Athlete Name,IDs
0,Riejanne  Markus,1646454
1,"Jos√© M. Gutierrez ""Gallu""",4106343
2,Johannes Weber #Radsyndikat,2647704
3,Sam (BigUnit) Long,6478752
4,John Kenny (French Creek Racing),777443
5,Manuel Prado (iGeniusCR.com),49435
6,Matt Rowe (Rowe & King),512006
7,Enzo Edmonds (u13),12391650
8,Guenhwyvar -,521455
9,Geoffroy Dussault - Team Gris,442229
10,michelkredercoaching.nl .,3725855
11,Red .,3264865
12,@RD_Murray  .,6049681
13,Macca .,2683308
14,Barcelofer .,3943346
15,Dexter Gardias .,404453
16,Corey Davis / Maloja Pushbikers,580379
17,Jason Lea  / Maloja Pushbikers,2392384
18,Franz Schlachter / Maloja Pushbikers,30850647
19,Laurin Winter / Maloja Pushbikers,5678008
20,Martin Kern / Team Arcteryx,3647498
21,M.V.G 99,19005138
22,Andrew Lemoncello @LemonRuns,4328340
23,Yannik Achterberg / Maloja Pushbikers,40301325
24,Erika Ackerlund,19598841
25,Pascal Ackermann,12274527
26,Roger Adri√†,6390713
27,Toon Aerts,577221
28,Tim Aiken,7911
29,Honey Badger AKA Connor McCutcheon,367986
30,Nikki Johnstone aka Elvis,5995129
31,Faris Al-Sultan,9855605
32,Vincenzo Albaneseüêº,3488983
33,Michael Albasini,780854
34,CJ Albertson,9583401
35,Jonathan Albon,437111
36,Megan Alderete,703497
37,Bryan Alders,153405
38,Alice Algisi,1815358
39,Bethany Allen,75059
40,Jessica Allen,11547310
41,Hillary Allen,21279725
42,Orlando Alves,607930
43,Andres Alzate,4341119
44,Sondre Amdahl,3531948
45,alena amialiusik,4601735
46,Winner Anacona,12542977
47,Julien Ancay,6577144
48,Elle Anderson,4367
49,Eddie Anderson,2346552
50,Grace Anderson,12463091
51,Ryan Anderson,13008634
52,Simon Andreassen,5181895
53,Simone Andreetta,19446526
54,Tyler Andrews,10981713
55,Justin Andrews,3184585
56,Crystal Anthony,119430
57,Jesse Anthony,153266
58,Jason Antin,814043
59,lavieu antoine,1190875
60,simone antonini,1116542
61,Dale Appleby,1424847
62,Jorge Arcas,2276607
63,Jimmy  Archer,119084
64,Katie Archibald,1693393
65,John Archibald | Ribble Weldtite,1058766
66,Nick Arciniaga,6672449
67,Marcel Aregger,4125056
68,John Arias - Global Elite Coaching,46346
69,Phounsavath Ariya,175729
70,Bruno Armirail,2192184
71,Fabio Aru,28635374
72,Alice Maria Arzuffi,2838132
73,Santiago Ascen√ßo,733569
74,Eric Ashe,8169908
75,Strava Athlete,0
76,Strava Athlete,463703
77,Strava Athlete,374972
78,Ryan Atkins,353839
79,George Atkins,1352081
80,Sarah Attar,5696180
81,Moritz auf der Heide,3274076
82,Hendrik Auf'mkolk,2092693
83,Coree Aussem-Woltering,307920
84,Brogan Austin,3581417
85,Steph Auston,14523979
86,Eric Avila,7059429
87,Sheila Avil√©s Casta√±o,13351004
88,Philipp Baar,11372910
89,Allison Baca ,1752526
90,Elliot Bach,751177
91,Frederik Backaert,23726463
92,Elynor Backstedt,12894945
93,Chris Baddick,111848
94,Gediminas Bagdonas,10403487
95,Yoann Bagot ,1450761
96,Rahsaan Bahati,125384
97,Chris Baird,3538608
98,jan bakelants,3943249
99,Alessandro Ballan,18888902
100,Adrian Ballinger,6163411
101,Alan Banaszek,6766614
102,Lizzy Banks,5542262
103,Enrico Barbin,1423405
104,Leandro Barbosa,58172312
105,Romain Bardet,1630132
106,Warren Barguil,722861
107,Courtney Barnes,14152612
108,Lauren Barnett,8015692
109,Nico Barraza,5357983
110,Will Barta,831403
111,Valerie Barthelemy,13187895
112,Lucy Bartholomew,7506715
113,Amanda Basham,1185614
114,Stephen Bassett,622396
115,Emma Bates,38306342
116,enrico battaglin,3018523
117,Emily Batty,1739915
118,Lindsey  Bauer,1029360
119,Phil Bauhaus,2217800
120,Scott Bauhs,5283242
121,Nina Baum,855359
122,Jonas Baumann,24634813
123,Matt Baxter,53080157
124,Tom Baylis,3123584
125,Marjolaine Bazin,253307
126,alessandro bazzana,194967
127,Cody Beals,669526
128,Cameron Beard,680794
129,Scott Beaumont,1205126
130,Guillaume Beauxis,2712905
131,charlotte becker,180306
132,Carson Beckett,2860387
133,Emma Bedard,4050731
134,Anneke Beerten,1450653
135,Amy Beisel,721704
136,Kalan Beisel,370256
137,Manuel Belletti,2508843
138,Mireia Benito ,1176964
139,george bennett,880187
140,Tiesj Benoot,1128302
141,Gordon Benson,16845839
142,fumiyuki beppu,6068080
143,Egan Bernal,2119306
144,Julien bernard,1903938
145,Pawe≈Ç Bernas,20732635
146,Joey Berriatua,9588583
147,Joshua Berry,186270
148,Q Bertoniiii,2168270
149,Alberto Bettiol,16874183
150,Cedric Beullens,5250418
151,James Bevan,356100
152,Paddy  Bevin,13674
153,Maximilian Beyer,796670
154,Niccolo Bonifazio BI-TURBO,1554175
155,Ian Bibby,518177
156,Nuno Bico,3211284
157,Fran√ßois Bidard,2916501
158,Rod  Bien,2921196
159,Aaron Bienenfeld,18324312
160,Bertrand Billard,1920469
161,Ga√´tan Bille,1899939
162,chris birch,280069
163,Andi Birnbacher,9045255
164,Kevin Bishop,10916298
165,Jeremiah BISHOP ,77012
166,Zach Bitter,5255567
167,Chantal Blaak,1962573
168,Mathieu Blanchard,9474525
169,Andreu Blanes Reig,8692276
170,Julia Bleasdale,7163184
171,Christopher Blevins,403508
172,Kristian Blummenfelt,4333333
173,Adam Blythe,1636003
174,Andi Boecherer,4276305
175,Kris Boeckmans,1967043
176,Lucas B√∂gl,55294538
177,Thomas Bohne,199550
178,Jetse Bol,588876
179,Grega Bole,2261653
180,isaac bolivar hernandez,1277361
181,Henning Bommel,434588
182,Manuel Bongiorno,3689012
183,Franck Bonnamour,4018952
184,R√©mi Bonnet,5020615
185,William  Bonnet,6998219
186,raffaello bonusi,4415986
187,Brent Bookwalter,26475512
188,Lars Boom,408163
189,Amelia Boone,19959682
190,Michael Boros,116360
191,Matthew Bostock,534744
192,Ian Boswell,262535
193,Raymond BOTELHO,11173354
194,Geoffrey Bouchard,104028
195,Thomas  Boudat,14201933
196,MAXIME BOUET,7331365
197,Nacer Bouhanni,48143759
198,Koen Bouwman,1993533
199,Dylan Bowman,1596921
200,James Bowness,2439361
201, tanko Boy,566272
202,Lydia Boylan,174554
203,Addie Bracy,8185401
204,Edmund Bradbury,12649
205,Cat Bradley,4947657
206,Patrick Brady,904463
207,Jez Bragg ‚öìÔ∏è,3213884
208,Alex Braico,1185893
209,Jani Brajkovic,109652
210,Giorgio Brambilla,1676111
211,Nikki Brammeier - Mudiiita Coaching,24873491
212,Lucinda Brand,2371741
213,Sam Brand,1170160
214,Wolfgang Brandl,4488376
215,Gregg Brandt,983595
216,Nathan Brannen,12369637
217,Ashley Brasovan,23292014
218,Julian Braun,10107550
219,Alex  Braybrooke,1659405
220,Vegard Breen,269159
221,Lisa Brennauer,180302
222,Michael Bresciani,7177418
223,Thierry BREUIL,4208437
224,Adrien Briffod,3331857
225,Graham Briggs,2032644
226,Joshua Brimhall,2055620
227,Rob Britton,1084629
228,Troy Brosnan,358505
229,Clara Brown,16199194
230,Jim Brown,1440561
231,Graeme Brown ,3393851
232,Nathan Brown,259470
233,Sarah Brown,5734554
234,Grace Brown,2988750
235,Jeff Browning,3455869
236,Lucas Bruchet,7519999
237,Thomas Bruins üêò,160423
238,Nico Br√ºngger,621446
239,Walton Brush,263407
240,Twan Brusselman,1352209
241,Marco Bscheidl,15666824
242,Allie Buchalski,40799987
243,Eva-Cath√©rine Buchholz,11590312
244,Gregor Buchholz,11268090
245,Emanuel Buchmann,2685219
246,De Buffel,994476
247,Otavio Bulgarelli,268080
248,Red Bull,1338681
249,Kayley  Burdine (Scott's Bikes),4520390
250,Mathieu Burgaudeau,12274525
251,Marcus Burghardt,1803986
252,Szil√°rd Buruczki,6182131
253,Kate Buss,7759903
254,David Byrne,292369
255,Sven Erik Bystr√∏m,2542098
256,Caitlin C. Bernstein,2485651
257,Gian-Paul Caccia,5198371
258,Sophie Caldwell,26218743
259,Lilian Calmejane,1805247
260,Maxime Cam,3966534
261,Sebastien CAMUS,1771467
262,Sage Canaday,1595767
263,Carlos Canal Blanco,10941882
264,Fabian Cancellara,7296868
265,Isaac Canton Serrano,8619413
266,Brendan Canty,391026
267,Eros Capecchi,7664988
268,Pau Capell,11328746
269,Amaury Capiot,2613903
270,Oriol Cardona Coll,10030894
271,Jack Carlyle,5800810
272,Adam Carr,1044522
273,Becca Carter,502294
274,Courtney Carter,3621170
275,Damiano Caruso,4084289
276,Twan Castelijns,1993938
277,Jaime Castrillo Zapater,3983729
278,Alexander Cataford,3490359
279,R√©mi Cavagna,2203430
280,Ben Wolfe  CCNS Coach ,247602
281,Josef ƒåern√Ω,323461
282,Elise Chabbey,17418861
283,Steve Chainel,17896084
284,Brodie Mai  Chapman,1215177
285,Brittany Charboneau,25360948
286,Megan Chard,605881
287,Amy Charity,365214
288,lucy charles,3894557
289,bravard charlotte,1641377
290,Caroline Chaverot,5885524
291,Mikael Cherel,2136208
292,Olivier Chevalier,3537233
293,Cl√©ment Chevrier,1634025
294,Denis Chevrot,2673148
295,Emma Chilton,23390529
296,Benjamin CHOQUERT,1837113
297,Julien Chorier,2802602
298,Caitlin Chrisman,7842901
299,Ryan Christensen  üá≥üáø,3576629
300,anna grace christiansen,7926
301,Sauser Christoph,1685461
302,Giulio Ciccone,29028250
303,Davide Cimolai,20904837
304,Ond≈ôej Cink,1803841
305,Gerald Ciolek,433483
306,Dimitri Claeys,4980290
307,Stephen Clancy,127134
308,Will Clarke,2332012
309,Matthew Clarke,16587179
310,Fabian Clarkson,22661048
311,Giles Clayton,1401687
312,Stef Clement,4211995
313,Nicolas Cleppe,174377
314,Rachel Cliff,19390398
315,Greg Close,385236
316,Brennan Townshend Coach at www.highpeakrunning.com,2756482
317,MelRad Coaching (melanie mcquaid),39645987
318,Caroline Coble,1585913
319,Tarah Cole,682592
320,Sophie Coleman,3422120
321,Aur√©lien Collet,2795232
322,Daniele Colli,1745119
323,Emmie Collinge,2195078
324,Kevin Collington,2355427
325,Benjamin Collins,8442261
326,Alex Colman,7604023
327,Dario Cologna,30774960
328,Ash Coning,1833090
329,Daniel Connolly,4179022
330,Ben Connor,6408626
331,Larissa Connors,3896468
332,Reid Coolsaet,7029099
333,Linsey Corbin,12725597
334,Audrey Cordon-Ragot,6916597
335,Rene Corella,1690724
336,Peter Corrigan,1766105
337,Iv√°n Garcia Cortina,1292406
338,Adrien Costa,65548
339,Kate Courtney,510477
340,Jerome Cousin,1789488
341,Luca Covili,9776534
342,Ana Covrig,3382044
343,Lawson Craddock,259263
344,Lee Rodgers CrankPunk Coaching Systems,252591
345,Steff Cras,2195719
346,Dan Craven,6075
347,Lu√≠za Cravo,10801400
348,Sam Crome,2566534
349,Tiffany Cromwell,9206937
350,Jenelle Crooks,9651351
351,John Croom,18780
352,Jorge Cubero,3725963
353,Gabriel Cullaigh,602548
354,Katheryn Curi,693488
355,Sylvaine Cussot,14882856
356,Jessica Cutler,134944
357,Amy Cutler,328796
358,Keira D'Amato,12019441
359,Jolien D'hoore,1381523
360,Jessie Daams,7827514
361,Matteo Dal-Cin,909835
362,Alex Dalton,11970660
363,Bruce Dalton,229617
364,Matt Daneel,591482
365,Greg Daniel,1785446
366,Matt Daniels,14169827
367,Tom Danielson,7173167
368,Larisa Elaine Dannis,1872175
369,Alex Darville,175644
370,Alex Dautel,3550300
371,Coach Winston David (supertuckcs.com),337980
372,Scott Davies,568077
373,Brendan Davies,1768350
374,Jonathan Davis,204658
375,Elsey Davis  (@elseydavis) ,24439684
376,Cecilia Davis-Hayes,636992
377,lea davison,146497
378,Bert De Backer,3283509
379,Sean De Bie,666711
380,Jasper De Buyst,289544
381,Bart De Clercq,808429
382,Lauren De Crescenzo,205996
383,Alfdan De Decker,2956675
384,Thomas De Gendt,1855274
385,Aim√© De Gendt,5052874
386,Menso de Jong,19021
387,Kenny De Ketele ,1644858
388,Koen de Kort,2327652
389,David De La Cruz ,2014488
390,Inaki de la Parra ,10036272
391,marc de maar,428395
392,Alessandro De Marchi,9545283
393,Moreno De Pauw,3664016
394,Sander De Pestel,5501879
395,Laurens De Plus,4049155
396,Jasper De Plus,8064750
397,Lucas De Rossi,1316021
398,Floris De Tier,1129713
399,Adam de Vos,402858
400,Laurens De Vreese,538528
401,Hartthijs de Vries,1591473
402,Sofie De Vuyst,994016
403,Lindsay De Vylder,19308295
404,Antoine De Wilde,10781349
405,Ludwig De Winter,1763504
406,Ben Deal,9422127
407,Benjamin Declercq,1023781
408,Tim Declercq,1154552
409,John Deere,2916067
410,Thomas Degand,4587013
411,Kenny Dehaes,2296316
412,mickael delage,2004239
413,Anthony Delaplace,12853663
414,Fien Delbaere,1547189
415,Kevin Deltombe,2445348
416,Arnaud Demare,1737657
417,Bill Demong,1050589
418,Brett Denney,1073667
419,Ashley Dennis,440827
420,Chris DeNucci,1931694
421,Nico Denz,3423315
422,Nico Deportago-Cabrera,2640526
423,Trevor DeRuis√©,211413
424,Jordan Desilets,590648
425,Justin Desilets,588273
426,Andy Detskas,4883986
427,Dries Devenyns,3949717
428,Sydney Devore,21507495
429,Tom Devriendt,7830934
430,Monica Dew,36603030
431,Stan Dewulf,3470393
432,Caroline Dezendorf,403554
433,Francois DHAENE,9893449
434,Brecht Dhaene,7641477
435,Jose Manuel Diaz Gallego,3407398
436,Yassine Diboun,3366198
437,Logan Diekmann,2403364
438,Jan Dieteren,1675871
439,Silvan Dillier,12427912
440,Olivia Dillon,12234
441,Marton Dina,3310687
442,Tai Dinger,17175025
443,aly dixon,3167729
444,Kseniia Dobrynina,8290776
445,Mitchell Docker,33496976
446,Gert Dockx,7941156
447,Mieke Docx,19966183
448,Annelies Dom,12508208
449,Joe Dombrowski,276702
450,Mark Donovan,1284150
451,Fabien Doubey,8819545
452,Paul Double,4420357
453,Nicolas Dougall,4537138
454,Russ  Downing ,197768
455,Alex Dowsett,505408
456,Ingrid Drexel,190450
457,James DRISCOLL,7542
458,Andres Duarte,53624
459,Antoine Duchesne,1786916
460,Huub Duijn,286373
461,Nicole Duke,118366
462,Samuel DUMOULIN,3114986
463,Evan Dunfee OLY,3378627
464,Scott Dunlap,1496487
465,Timothy Dupont,1709131
466,Yohan Durand,3489981
467,Julien DUVAL,2191893
468,Mical Dyck,290941
469,Chlo√© Dygert,8423781
470,Pete Dyson,602594
471,Nathan Earle,1005431
472,James Early,7861437
473,Griffin Easter,299812
474,Jennilyn Eaton,1015976
475,Michael Eaton,3496685
476,Leon Fausto Echtermann / Maloja Pushbikers,8712826
477,Yannick Eckmann,220010
478,Robin Eckmann,216215
479,Nicolas Edet,1621202
480,Drew Edsall (Mtbfitness.com),153628
481,Grosu Eduard,1915664
482,Nils Eekhoff,3745308
483,Pascal Eenkhoorn,1563189
484,Aritz Egea,11678773
485,Ronja Eibl,47326207
486,Odd Christian  Eiking,601836
487,TJ Eisenhart ü¶ã,142174
488,Fabian Eisenlauer,6140171
489,Kenny Elissonde,1387645
490,Martin Elmiger,2613513
491,Malindi Elmore,1861424
492,Gracie Elvin,5196764
493,Felix  English,186606
494,Tanja Erath ,4838660
495,Lucas Eriksson,2809783
496,Lucas Euser,893403
497,Tom Evans,26891889
498,Dan Evans,225425
499,Emilia Fahlin,180301
500,Rebecca Fahringer,669507
501,Nicole Falcaro,255147
502,Dan Falconar,729308
503,Sebastian Falkensteiner,21378496
504,Maxime Farazijn,1038655
505,Robin Farina,50693
506,Scott Faubs,7780234
507,Guillaume Faucon,1630827
508,Jesse Featonby,9393290
509,Dan Feeney,281953
510,Andy Fenn,13176333
511,Max Fennell,880909
512,Mason Ferlic,12615695
513,delio fernandez,4106785
514,Pauline Ferrand-prevot,7208211
515,Noemi Ferr√©,5526389
516,Robson Ferreira,1758856
517,Tiago Ferreira,3340479
518,Ian Field - VELD Coaching ,402439
519,Caitlin Fielder,15610991
520,Paula Findlay,279500
521,Tilen Fink≈°t,4716562
522,Dion Finocchiaro,8527415
523,Russell Finsterwald,119832
524,Reed Fischer,22433281
525,Steve Fisher,321346
526,Robbie Fitzgibbon,1083906
527,Matt Flaherty,3395561
528,Liam Flanagan,1130255
529,Ben Flanagan,41161380
530,Bryan  Fletcher,5599966
531,David Fletcher ,1695462
532,Taylor Fletcher,2207736
533,Andy Flickinger,9759708
534,Andreas Flie√ügarten,2709284
535,Lukas Fl√ºckiger,563244
536,Julian Fluegel,16155364
537,Brian Flynn,11391842
538,Anna Mae Flynn,3841158
539,Ricky Flynn,19311323
540,Armindo Fons√©ca,30683682
541,Marco Aurelio Fontana,4905731
542,Giuseppe Fonzi,3243335
543,Lars Forster,1000882
544,Filippo Fortin,553380
545,Veronique Fortin,200147
546,Lorenzo Fortunato,3125765
547,Kenny Foster,8133029
548,James Fouche,4851916
549,Roxane FOURNIER,2490308
550,Alicia Franck,21620962
551,Mathias Frank,27185541
552,Kilian Frankiny,1400765
553,Macky Franklin,364482
554,Heidi Franz,3507951
555,Marco Frapporti,1841156
556,Simona Frapporti,1741458
557,eder frayre,683033
558,Raphael Freienstein,3415999
559,Nick French,16212440
560,Eric Frenzel,13568823
561,Tim Freriks,2360736
562,Johnathan Freter,263443
563,Calle Friberg,723518
564,Richard Friedrich,4276994
565,Jan Frodeno,3455800
566,Nils Frommhold,21198621
567,Chris Froome,7491815
568,Mikkel Fr√∏lich Honor√©,270912
569,Carole Fuchs,1711357
570,Angel Fuentes,9472341
571,Jo FukudaüáØüáµ,42057509
572,Jonathan Fumeaux,2194005
573,Frederic Funk,8644778
574,JOEGEEZI G,2271600
575,Phil Gaimon,6188
576,Clare Gallagher,16362182
577,Kiko Galv√°n Fern√°ndez,11983582
578,Vitor Gamito,260628
579,LeighAnn Ganzar,2406083
580,Eduardo Garcia,19953932
581,Joel Garcia,2937395
582,Mavi garcia,4592180
583,Katrin Garfoot,115083
584,Jeff Garmire,22512043
585,Grace Garner,16182341
586,Pippo Garnero,612282
587,Thibaut Garrivier,5052895
588,Alice Gasparini,1886659
589,rickey gates,184950
590,Daniel Gathof,2806297
591,David Gaudu,4774417
592,Remi Gauvin,381795
593,Fernando Gaviria Rendon,24644516
594,Simon Gaywood,337576
595,HANK (James L-W) GCN ,2354874
596,Ryan Geard,2918560
597,Simon Gegenheimer,13598491
598,Vinzenz Geiger,10232221
599,Felicitas Geiger,20563926
600,karlee gendron,378624
601,Manon Gen√™t,4910484
602,Alexandre Geniez,1657853
603,soupe geoffrey,2159156
604,Jennifer George,1162039
605,Pfeiffer Georgi,10809463
606,Etienne Georgi,432354
607,Felix Georgii,49803746
608,Kaytlyn Gerbin,9224252
609,Simon Geschke,13872795
610,Robert Gesink,1216273
611,Ryan Ghelfi,6744457
612,Davide Giardini|EnduranceProGuides.com|,1358661
613,Gus Gibbs,1141634
614,Louise Gibson (InternationElles),4532614
615,Sarah Gigante,2213214
616,Fabian Giger / Maloja Pushbikers,1689651
617,Sunny Gilbert,5329526
618,Jamie Gilgen,578640
619,Rochelle Gilmore,6037156
620,Dana Giordano,17111737
621,Romain Gioux,2920206
622,Visconti Giovanni,2957348
623,benjamin giraud,1803232
624,Rob Gitelis,188734
625,Caroline Gleich,15210607
626,Martin Gluth / Maloja Pushbikers,1071647
627,Dege GO GO GO,6137589
628,Jelle Goderis,3376822
629,Dorian Godon,1809256
630,Stan Godrie,1074765
631,Timo G√∂hler,16257252
632,Lindsay Goldman,11997777
633,Ross Gollan,6265105
634,Pedro Gomes,2453180
635,Sofia Gomez Villafane,192085
636,Adri√°n Gonz√°lez Velasco,1662769
637,Jasper Good,5651685
638,Marc Goos,1413161
639,Kobe  Goossens,4411135
640,Cypress Gorry,371357
641,Kevin Gottlieb,1843013
642,Kara Goucher,4468784
643,Alexis Gougeard,9479785
644,Georgia  Gould,278502
645,Nick Gould,303084
646,Kate Grace,6448444
647,Neely Gracey,547053
648,Ayla Granados,5954157
649,Arnaud Grand,974099
650,Germain Grangier,11435413
651,Noah Granigan,630070
652,Alex Grant,71957
653,Lee Grantham,9803888
654,Christian Grasmann / MALOJA PUSHBIKERS,4498913
655,Jake Gray,1124501
656,Sim√©on Green,9068
657,Tyler Green,1649830
658,Cory Greenberg,231604
659,Joshua Greenwood ,4347433
660,Jonas Gregaard Wilsly,4056360
661,Kaitlin Gregg Goodman,3539975
662,Rast Gregy,2116733
663,Andre Greipel,384548
664,Jimmy Gressier,34895835
665,Landie Greyling,1602857
666,Miranda Griffiths,14451
667,Oleg Grigoryev,15932405
668,Nano Grijalba,1959152
669,Gediminas Grinius,16068533
670,Andriy Grivko,18663033
671,Rebecca Gross,284774
672,Ma√´lle Grosset√™te,5127538
673,Dominic Grossman,1466519
674,Katie Grossman,4551860
675,Felix Grossschartner,10573633
676,Howard Grotts,277969
677,Andrea Guardini,867729
678,Megan Guarnier,5474
679,Frederico Guedes,57225497
680,Alexis Guerin,2357529
681,Thibault Guernalec,1751647
682,Nathan Guerra,359688
683,Ruben Guerreiro,2289445
684,Pablo Guerrero,1876677
685,Simon Guglielmi,5543279
686,bonnafond guillaume,116788
687,Romain Guillemois,4725228
688,Curly Guillen,1367309
689,Arnaud Guilloux,563273
690,Martin  Gujan,623032
691,James Gullen,149300
692,Taylor Gunman,335746
693,Robert Gutgesell,132899
694,Evan Guthrie,183904
695,sheyla gutierrez,8412547
696,William Guzman Rosario,8288236
697,Nathan Haas,12924172
698,Dean Haas,68120
699,Martin Hacecky,1893314
700,shawn hadley,335369
701,Chad Haga,269660
702,Carl Fredrik Hagen,134614
703,Lance Haidet,2041772
704,Jack Haig,283726
705,Fred  Haise,1416243
706,Jake Hales (RideRevolution.co.uk),296844
707,Damian Hall,7068194
708,abby hall,15656336
709,Lauren Hall,199092
710,Sara Hall,16061889
711,Katie Hall,1316333
712,Marco Haller,14762808
713,Patrick Haller,1937992
714,Sebastian Hallmann,32132781
715,Chris Hamilton,2754904
716,Daniel Hamilton,1005040
717,Richard Handley,278195
718,Kaat Hannes,1212323
719,Jaakko H√§nninen,4048714
720,Louise Norman Hansen,1223199
721,Lasse Norman Hansen,1187926
722,Dan Erik Hansen,513412
723,Billy Harding,2560531
724,Romain Hardy,1760211
725,Blake Harlan,10265
726,Emily Harrington,3052716
727,Ella Harris,3930966
728,Josh Harris,2911188
729,Albert Harrison,6281490
730,Sam Harrison,1845301
731,Emily Harrison Torrence,5574348
732,Kasper Laumann Hartlev,4666728
733,Jakob Hartmann,10513261
734,Yusuke Hatanaka,9325571
735,Christopher Hatz,2686441
736,John Michael Hauer,189094
737,Nick Hauger,45051544
738,Richard Haughton,1045728
739,Dav Hauss,2905502
740,Piotr Havik,1120791
741,Andrew Hawdon,605510
742,Scotty Hawker,2107988
743,Derek Hawkins,10400121
744,Callum Hawkins,19837380
745,Pete Hawkins Upshift V√©lo,207840
746,Hayden Hawks,16010204
747,Ethan Hayter,601041
748,Sara Headley,1260560
749,rachel heal,4681346
750,Ben Healy,1754389
751,Garrett Heath,304929
752,Gage hecht,713550
753,Martin Hehir,26919111
754,Markus Heidl,1252953
755,Thea Heim,28950255
756,Vita Heine,2615414
757,Nicolas HEMET,1005867
758,Mik√° Heming / Maloja Pushbikers,17555014
759,Sebas Henao ,11152709
760,Sebastian Hendel,42139655
761,Anna Henderson,11486080
762,Ari Hendrix,25809849
763,Keely Henninger,8471540
764,Felix Hentschel,3621657
765,Ben Hermans,593390
766,jose antonio hermida,373174
767,Beth Hernandez (Newell),9644
768,Peter Herzog,17046618
769,Nico He√ülich,1291943
770,andreas hestler,135819
771,David Hewett,776985
772,Gert Heyns,670999
773,Jason Hilimire,13592
774,Jai Hindley,1760759
775,Ilona Hoeksma,12486720
776,Ben Hoffman,1194434
777,Bruno Hoffmann,40898227
778,Moreno Hofland,806678
779,Lennard Hofstede,8843343
780,Jenny Holl,3585800
781,Reto Hollenstein,19150197
782,Juri Hollmann,26853748
783,Daniel Holloway,998674
784,Emil Holm,6850122
785,Drew Holmen,6701875
786,Matthew Holmes,306330
787,Joe Holt,1088533
788,Simon Holt [GRINTA COACHING],185890
789,Johanna Holzmann,41812275
790,Reinier  Honig,340943
791,Jeffrey Hoogland,2368262
792,Gavin Hoover,279726
793,Gavin Hoover,58171327
794,Ed Hopper,5139200
795,Jon Hornbeck,913823
796,Chloe Hosking,180305
797,Laura Hottenrott,45602268
798,Hugo  Houle,288769
799,Kristian House,173213
800,Brendan Housler - EVOQ.BIKE üöÄ,5889
801,Marisa Howard,43684184
802,Stephanie Howe ,6992780
803,Isaac Howe,118945
804,rhys howells,222335
805,alex howes,11673347
806,Robbie Hucker,323139
807,Brad Huff,357054
808,Evan Huffman,120454
809,Stephan Hugenschmidt,22241860
810,Matthew Hughes,39780460
811,Korina Huizar,58120
812,Josh Hunt,807761
813,Drew Hunter,21659897
814,Thierry Hupond,2547704
815,Tony Hurel,2283295
816,Lauren Hurley ,6020142
817,Laurens Huys,3418802
818,Stephen Hyde,338452
819,Kristian Hynek,781231
820,Organic ICE ,4395
821,Gustav Iden,817333
822,Yuki Ikeda,135919
823,Daryl Impey,1714205
824,Marius Ionescu,7917995
825,Henry Irvine,1361755
826,Marina Isan,10563833
827,Eli Iserbyt,4957556
828,Amiliya Iskakova,21354533
829,Rasmus Byriel Iversen,4993592
830,REIA IWADE,59707591
831,Vlad Ixel ‚ìã Bix Hydration,3232281
832,Lee Jackson,1406897
833,Alison Jackson,3435263
834,Johan Jacobs (Movistar),461374
835,Ben Jacques-Maynes,261192
836,Robert J√§geler,4322914
837,Roy Jans,1015750
838,Jacques Janse van Rensburg,3402367
839,Reinardt Janse van Rensburg,3952107
840,Amund Jansen,4203551
841,Karen Jarchow,105782
842,Benoit JARRIER,12607349
843,Yvan Jarrige,2745282
844,Dan Jarvis,13073542
845,Quentin Jauregui,4334886
846,Fabrice Jeandesboz,2026466
847,Rolf Einar Jensen,6907454
848,Tyler Jermann,8946757
849,Moises Jimenez,1755816
850,Juan Maria Jimenez Llorens ‚úå,5952380
851,Carly Johann,6993
852,emma johansson,765292
853,Sam Johnson,6203
854,Tim Johnson,6222
855,Richard Jones,108291
856,Hayley Jones,2133557
857,Christopher Jones,146508
858,Harry Jones,4034273
859,Carter Jones,6206971
860,Thorbergur J√≥nsson,5271873
861,Tyler Jordan,20300885
862,Matteo Jorgenson,557974
863,Kilian Jornet Burgada,5452411
864,El Fares Julien,1710748
865,B√©rard  Julien,117982
866,Daniel Jung,12551938
867,Bob Jungels,49597893
868,Karl Junghann√ü,24606279
869,AlliGator Junior,1615119
870,Sarah K,9354487
871,Tsuyoshi Kaburaki,40481594
872,David Kahn,2571457
873,Cody Kaiser,65967
874,Nakamura Kaito,24362158
875,Marcel Kalz,1278272
876,Lennard K√§mna,27117126
877,Brian Kamstra,6033817
878,Brady Kappius,9984
879,Benjamin Karl,24954061
880,Kari Steinn Karlsson,2799278
881,Anna Kay - Starcasino Team ,5589805
882,Curtis Keene,196550
883,Meb Keflezighi,28308729
884,Iljo Keisse,2835838
885,Max  Keith,1653144
886,martijn keizer,4894864
887,Wilco Kelderman,479385
888,Petr Kelemen,28378612
889,FERNANDA KELLER,48365721
890,Steve Kelly,5309477
891,John Kelly,16389235
892,Ryan Kempson,21346749
893,Lucy Kennedy,1693533
894,Dylan Kerfoot-Robson,1466247
895,Tim Kerkhof,543083
896,Jeff Kerkove,13249
897,Stephen Kersh,2203032
898,jens keukeleire,8075081
899,Sean Keveren,3984805
900,Kallin Khan,22718385
901,Allie Kieffer,1004493
902,Joanne Kiesanowski,6136
903,Adam Kimble,11620352
904,Laura King,386817
905,Ted King,8758
906,Ben King,50757
907,Kemi King,143757
908,Isabel King,20067483
909,Max King,1799671
910,Bj√∂rn Kircheisen,16529284
911,Alex Kirsch,2590526
912,Sarah Kistner,13057363
913,Lauren Kitchen,336018
914,Rachel Klamer,33639192
915,Erik Kleinhans,540571
916,shane kline,791428
917,Stevan Klisuriƒá,6913247
918,Roger Kluge,22377272
919,Florenz Knauer / Maloja Pushbikers,2871115
920,Tobias Knaup,2355371
921,Christian Knees,2455522
922,Roxane  Knetemann,4965467
923,Stefan Knopf,17096781
924,Matthias Knossalla,17516600
925,James Knox,2260636
926,Jonas Koch,4067146
927,Thomas Koep,2598348
928,Martin Kohler,1825457
929,Felix K√∂hler | Avoras RT | steadystate.ch,6588412
930,Yuma Koishi,5299946
931,Michael Kolar,6600239
932,Fiona Kolbinger,16572603
933,Rea Kolbl,19248089
934,Korey Konga,2985817
935,Patrick Konrad,4571461
936,Clara Koppenburg,586190
937,Kristijan Koren,2858063
938,Victor  KORETZKY,8004531
939,Patrick Kos,1023571
940,Pete Kostelnick,16102568
941,Claudia Koster,3528986
942,Mike Kovaƒç,3382615
943,Yoann Kowal,8483601
944,Janosch Kowalczyk,11320334
945,Matthias Krah,1758012
946,Rob Krar,4658463
947,Andrei Krasilnikau,1097683
948,Raymond  Kreder,6379583
949,Christian Kreienb√ºhl,1562663
950,Alexander Kristoff,9232885
951,Steven Kruijswijk,3056059
952,Susan Krumins (Kuijken),11760794
953,Anton Krupicka,8482648
954,Marko Kump,4215024
955,Stefan K√ºng,133606
956,Sepp Kuss,254096
957,Michal Kwiatkowski,1905161
958,Matthias Kyburz,18143228
959,zeb kyffin,2642132
960,Kriss Kyle ,8672476
961,Andrew L'Esperance,1093059
962,Martin Laas,2111315
963,James  LaBerge,9736
964,Juliette Labous,2054448
965,Matthieu Ladagnous,7348371
966,R√©mi Laffont,28941170
967,Eric Lagerstr√∂m,240504
968,Elise Lagerstrom,2217157
969,alban lakata,1443957
970,Ashton Lambie,9087229
971,Steven Lammertink,12376839
972,Maurits Lammertink,11477652
973,Leif Lampater,1706993
974,Steve Lampier ,222024
975,David Laney,4928927
976,Patrick Lange,11654626
977,Victor Langellotti,1454785
978,Simon L√§ngenfelder,52724419
979,Annika Langvad,3906165
980,Andr√©ane Lanthier Nadeau,742103
981,Christophe Laporte,3834960
982,Danielle Larson,13153055
983,Francesco Lasca,5438586
984,Pierre  Latour,7347052
985,Nina Laughlin,135636
986,Christoph Lauterbach,7798196
987,Ed Laverack,47597
988,Joe Laverick,7026027
989,Harrie Lavreysen,6107295
990,Mel Lawrence,6434138
991,Olivier le Gac,1836077
992,Mathias Le Turnier,3175306
993,Matt Leach,1840470
994,Pierre-Henri Lecuisinier,1923830
995,Michele Lee,22358802
996,Jonas Leefmann,640725
997,Will Leer,20851684
998,Allie  Legg,5005311
999,Collin Leibold,1634771
1000,Fanny Leleu,5559845
1001,Cyril Lemoine,1880115
1002,Luis Lemus,1150402
1003,Erik Lesser,10492695
1004,Lara Lessmann,52664993
1005,J√©r√©my Leveau,3281320
1006,Abby Levene,2532470
1007,Cameron Levins,26743149
1008,Craig Lewis,10304
1009,Gruffudd Lewis,663411
1010,Bryan Lewis,1707436
1011,C√©lestin Leyman,9518350
1012,Kaci Lickteig,3002166
1013,Emƒ´ls Liepi≈Ü≈°,10163092
1014,Matt Lieto,1751751
1015,Ricky Lightfoot,2925604
1016,Fr√©d√©ric Limousin,2004431
1017,Oscar Linares,2260947
1018,Bert-Jan Lindeman,7038403
1019,Desiree Linden,31853462
1020,Rory Linkletter ,9351341
1021,Liane Lippert,14849693
1022,Thomas Litscher,2076635
1023,Sabrina Little,4773441
1024,Arjen LIVYNS,1614461
1025,Lorena Llamas,13233180
1026,Brian Llamas,39475524
1027,Manon Lloyd,1495923
1028,Mark Long,7818169
1029,Elisa Longo Borghini,1189566
1030,Andr√© Looij,9980001
1031,Adam Loomis,2425035
1032,Ben Loomis,14971363
1033,Sonya Looney,72723
1034,Bel√©n L√≥pez,5780103
1035,David Lopez,2971302
1036,Sabrina Lopez,8090031
1037,Dani L√≥pez Parada,1720003
1038,Thomas Lorblanchet I CRC I GLR,1975812
1039,Patricia Loureiro,11183234
1040,Matis Louvel,6860614
1041,Jossy Lowden | Drops,1338165
1042,Jim Lubinski,988846
1043,Eamon Lucas,439420
1044,Kimberly Lucie,151502
1045,Fredrik Ludvigsson,773089
1046,tobias ludvigsson,2420222
1047,Jen Luebke,796001
1048,Alex Luhrs | Team Ribble,409358
1049,Sindre Skj√∏stad Lunke,787499
1050,Sion Lupowitz,6724983
1051,Alexey Lutsenko,19220743
1052,Matt Lyons,130052
1053,Tiago Machado85 üáµüáπ,669507
1054,Floortje  Mackaij,255147
1055,Pete MacLeod :: HoldFastCycling.com,729308
1056,Travis Macy /  Macy Endurance Coaching,21378496
1057,Valentin Madouas,1038655
1058,Angel Madrazo,50693
1059,Nikolas Maes,7780234
1060,Mirco Maestri,1630827
1061,Dillon Maggard,9393290
1062,Erica Magnaldi,281953
1063,J√©r√©my Maison,13176333
1064,Benjamin Malaty,880909
1065,corrine malcolm,12615695
1066,Tobi Hornstein MALOJA PUSHBIKERS,4106785
1067,Tim Wollenberg /  Maloja Pushbikers ,7208211
1068,Francisco Mancebo,5526389
1069,Matthias Mangertseder // Maloja Pushbikers,1758856
1070,Gavin Mannion,3340479
1071,Jorge Maravilla,402439
1072,Marco Marcato,15610991
1073,Tomasz Marczy≈Ñski,279500
1074,jan Margarit,4716562
1075,JAX MARIASH,8527415
1076,Jean marc Marino,119832
1077,Zac Marion,22433281
1078,Arne  Marit,321346
1079,barry markus,1083906
1080,Marti Marquez,3395561
1081,Paul Martens,1130255
1082,Francis Martin,41161380
1083,Nicolas Martin,5599966
1084,Guillaume Martin,1695462
1085,Yannick Martinez,2207736
1086,Steven Martinez,9759708
1087,Lluis Mas,2709284
1088,Chanel Mason - Storey Racing,563244
1089,Laura Massey,16155364
1090,Christophe Masson,11391842
1091,Stefan Mastaller,3841158
1092,LUIS √ÅNGEL MAT√â MARDONES,19311323
1093,Dani Mateo,30683682
1094,Daniel Matheny,4905731
1095,Marco Mathis,3243335
1096,Hiroaki Matsunaga,1000882
1097,Adrian Mattern,553380
1098,Michael Matthews,200147
1099,Kat Matthews (Rye),3125765
1100,Daniel maxime,8133029
1101,Yannick Mayer,4851916
1102,Julia Mayer,2490308
1103,Tom Mazzone‚Ñ¢Ô∏è ,21620962
1104,Travis McCabe,27185541
1105,Tyler McCandless,1400765
1106,Jay McCarthy,364482
1107,Joe McConaughy,3507951
1108,Brian McCulloch 'Big Wheel Coaching',1841156
1109,Morgan McDonald,1741458
1110,Matt Mcelroy,683033
1111,Payson McElveen,3415999
1112,Johnny Mcevoy ,16212440
1113,"Cormac ""Cormy"" Mcgeough",13568823
1114,Christopher McGlinchey,2360736
1115,Ayesha McGowan,263443
1116,Jamie McJunkin,723518
1117,Michael McKnight,4276994
1118,Cristina McKnight,3455800
1119,Ryan McLeod,21198621
1120,Mark Mcnally,7491815
1121,David McNeill,270912
1122,Sally McRae,1711357
1123,Keira McVitty,9472341
1124,Emily DORIS  Meakin | Drops ,42057509
1125,Gianni Meersman,2194005
1126,Rebecca Mehra,8644778
1127,Stiwal Mejia,2271600
1128,Jesse Melamed,6188
1129,Ariel Mendez-Penate,16362182
1130,Mario Mendoza,11983582
1131,william mennesson,260628
1132,Milan Menten,2406083
1133,David Menut,19953932
1134,Kyle Merber,2937395
1135,Nicole Mericle,4592180
1136,Tim Merlier,115083
1137,Julian Mertens,22512043
1138,R√©my Mertz,16182341
1139,Leandro Messineo,612282
1140,Jimmy Mac META Bike Division,5052895
1141,Jozef Metelka,1886659
1142,Justin Metzler (@BIGMETZtri),184950
1143,Xandro Meurisse,2806297
1144,Luka Mezgec,4774417
1145,Abby Mickey,381795
1146,Colin Mickow,24644516
1147,Noah Middlestaedt,337576
1148,Tony Migliozzi,2354874
1149,Diego Mil√°n,2918560
1150,Amanda Miller,13598491
1151,Carson Miller,10232221
1152,Meredith Miller,20563926
1153,Miranda Miller,378624
1154,Ryan Miller ‚ö°Ô∏è,4910484
1155,Callum Millward,1657853
1156,Markus Mingo,2159156
1157,Jure Mi≈°kulin,1162039
1158,Tomi Misser,10809463
1159,Kimino Miyazaki,432354
1160,Emilie Moberg,49803746
1161,Jerrell Mock,9224252
1162,Chris Mocko,13872795
1163,Sacha Modolo,1216273
1164,Jason Moeschler,6744457
1165,Matej Mohoric,1358661
1166,Rudy Molard,1141634
1167,Alex Molenaar,4532614
1168,Antonio Molina,2213214
1169,Kenny Molly Kai,1689651
1170,Maxime Monfort,5329526
1171,Amy  Monkhouse ,578640
1172,Matteo Montaguti,6037156
1173,Nico Montanez,17111737
1174,Ryan Montgomery,2920206
1175,Ashleigh Moolman Pasio ( rocacorbacycling.cc ),2957348
1176,Puck Moonen,1803232
1177,Olly Moors ,188734
1178,Ezequiel Morales,15210607
1179,Ben Moreau,1071647
1180,Charlotte Morel,6137589
1181,Javi Moreno,3376822
1182,Casey Morgan,1809256
1183,Mike Morgan,1074765
1184,Don Morgan,16257252
1185,Fiona Moriarty,11997777
1186,Julien MORICE,6265105
1187,Koji Morimoto,2453180
1188,Vincent Morizot,192085
1189,Matt Moroz,1662769
1190,Deidre Morrison,5651685
1191,jim morrison,1413161
1192,Lachlan Morton,4411135
1193,Tom Moses,371357
1194,Chris Mosier,1843013
1195,Johannes Motschmann,4468784
1196,Jon Mott,9479785
1197,Justin MOTTIER,278502
1198,Mikey Mottram üêà,303084
1199,Jon Mould | Forte Coaching ,6448444
1200,Dalia Muccioli,547053
1201,Hanna Muegge,5954157
1202,Tina Muir,974099
1203,Ryan Mullen,11435413
1204,Peta Mullens,630070
1205,Patrick M√ºller,71957
1206,Alexander M√ºller ,9803888
1207,Conor Mullervy,4498913
1208,Kevin Mullervy,1124501
1209,Daniel Munoz,9068
1210,Edison Mu√±oz Lopez,1649830
1211,Alberto Muntaner,231604
1212,Clay Murfet,4347433
1213,evan murphy,4056360
1214,Grayson Murphy,3539975
1215,John Murphy,2116733
1216,Andrew Musgrave,384548
1217,Dougie Musson,34895835
1218,Adam Myerson,1602857
1219,Michael M√∏rk√∏v,14451
1220,Enoch Nadler,15932405
1221,Marc-Antoine Nadon,1959152
1222,Lawrence Naesen,16068533
1223,Oliver Naesen,18663033
1224,Wonderwoman. :) Naeth,284774
1225,Ralph N√§f,5127538
1226,Joe Nally,1466519
1227,Hannes Namberger,4551860
1228,Tommy Nankervis,10573633
1229,Ole Naske,277969
1230,Felipe Nasr,867729
1231,Will Nation,5474
1232,Pierrick Naud,57225497
1233,Bryan Nauleau,2357529
1234,Ramunas Navardauskas,1751647
1235,Nicolas Navarro,359688
1236,Paul Navesey,2289445
1237,Fernando Naz√°rio,1876677
1238,Calum Neff,5543279
1239,Maggie Nelsen,116788
1240,Adriana Nelson,4725228
1241,Josh Nelson,1367309
1242,Hilaree Nelson,563273
1243,Loren Nelson,623032
1244,Harvey Nelson,149300
1245,Bia Neres,335746
1246,Dan Nestor,132899
1247,Florian Neuschwander,183904
1248,Jos√© Neves,8412547
1249,Emily Newsom,8288236
1250,Antonio Nibali,12924172
1251,Vincenzo Nibali,68120
1252,Maximilian Nicholls,1893314
1253,Alex Nichols,335369
1254,Paul Niemeyer,269660
1255,Przemys≈Çaw Niemiec,134614
1256,Ida Nilsson,2041772
1257,Kaori Niwa,283726
1258,Adrien Niyonshuti,1416243
1259,ellen noble,296844
1260,liz noey ,7068194
1261,Zack Noonan,15656336
1262,Christophe Noppe,199092
1263,Lisa Norden,16061889
1264,Lars Petter Nordhaug,1316333
1265,Mathias Norsgaard J√∏rgensen,14762808
1266,Petter Northug,1937992
1267,Nikola Noskov√°,32132781
1268,Yusuke Numazawa,2754904
1269,Ben O'Connor,1005040
1270,Phil O'Donnell,278195
1271,Sam O'Keefe,1212323
1272,Paddy O'Leary,4048714
1273,Cody O'Reilly,1223199
1274,Kris Ochs,1187926
1275,Yoann Offredo,513412
1276,Peter Olejniczak,2560531
1277,evan oliphant,1760211
1278,Nelson Oliveira,10265
1279,NAN OLIVERAS ,3052716
1280,Daan Olivier,3930966
1281,Erik Olson,2911188
1282,Timothy Olson,6281490
1283,Keita Onishi,1845301
1284,Tomonori Onitsuka,5574348
1285,Chris Opie || Saint Piran,4666728
1286,James Oram,10513261
1287,Zachary Ornelas,9325571
1288,Emerson Oronte,2686441
1289,Umberto Orsini ,189094
1290,Jason Osborne,45051544
1291,Dillon Osleger,1045728
1292,Juan Felipe Osorio,2905502
1293,Daniel Oss,1120791
1294,Paul Ourselin ,605510
1295,Freddy Ovett,2107988
1296,Logan Owen,10400121
1297,Lourdes Oyarbide Jimenez,19837380
1298,Kelland O‚ÄôBrien,207840
1299,Allen Krughoff p/b HardcastleFilmPhoto.com,16010204
1300,Mathijs Paasschens,601041
1301,Quentin Pacher,1260560
1302,Matt Page,4681346
1303,Jean-Lou Paiani www.paiani-so.com,1754389
1304,andrea palini,304929
1305,Gu√∞ni P√°ll P√°lsson,713550
1306,Michal Paluta,26919111
1307,Anton Palzer,1252953
1308,Kevin Panhuyzen,28950255
1309,Rajpaul Pannu,2615414
1310,Lauren Paquette,1005867
1311,Tom Paquot,17555014
1312,Aur√©lien Paret-Peintre,11152709
1313,Sara Parfett,42139655
1314,Justin Paroz,11486080
1315,Chris Parrish,25809849
1316,Sam Parsons,8471540
1317,Andr√°s Parti,3621657
1318,LILY PARTRIDGE,593390
1319,Beth Pascall,373174
1320,Vicente Pastor,9644
1321,Victor Pataky,17046618
1322,Alex Paton,1291943
1323,Daniel Patten,135819
1324,Morgan Patton Brown,776985
1325,Marko Pavliƒç,670999
1326,Spencer Paxson,13592
1327,Tony Payne,1760759
1328,Hannah Payton,12486720
1329,Jason Pedersen,1194434
1330,rob peeters,40898227
1331,Simon Pellaud,806678
1332,Manuel Pe√±alver,8843343
1333,Pia Pensaari,3585800
1334,Sara Penton,19150197
1335,Christina Perchtold,26853748
1336,Jo√£o Pereira,998674
1337,Anthony Perez,6850122
1338,Vasily Permitin,6701875
1339,Bryson Perry,306330
1340,Nans Peters,1088533
1341,Alex Peters,185890
1342,Nikki Peterson,41812275
1343,Adrien Petit,340943
1344,Ryan Petry,2368262
1345,Dimitri Peyskens,279726
1346,Hendrik Pfeiffer,58171327
1347,Valentin Pfeil,5139200
1348,Jasper Philipsen,913823
1349,Taylor Phinney,180305
1350,Sarah Piampiano,45602268
1351,N√∫ria Picas,288769
1352,James Piccoli,173213
1353,Laurent Pichon,5889
1354,Alexandre Pichot,43684184
1355,Cesar Picinin,6992780
1356,Tom Pidcock,118945
1357,Kyle Pietari,222335
1358,Cedric Pineau,11673347
1359,Thibaut Pinot,323139
1360,Marco Pinotti,357054
1361,Cameron Piper,120454
1362,lenore pipes,22241860
1363,Stefano Pirazzi,39780460
1364,Big PK,58120
1365,Evan Plews,807761
1366,Maeve Plouffe,21659897
1367,Stephanie Pohl,2547704
1368,Wilson Poletti / Dynatech Software,2283295
1369,Nils Politt,6020142
1370,Pawel Poljanski,3418802
1371,Ruben Pols,338452
1372,Ludovic Pommeret,781231
1373,Simone Ponzi,4395
1374,Emma Pooley,817333
1375,Mike Popejoy,135919
1376,Gorgi Popstefanov,1714205
1377,Richie Porte,7917995
1378,Alison  Powers,1361755
1379,Jeremy Powers,10563833
1380,Neilson Powless,4957556
1381,Mattia Pozzo,21354533
1382,Benjami Prades,4993592
1383,Eduard Prades,59707591
1384,Sam Prakel,3232281
1385,Jess Pratt,1406897
1386,Georg Preidler,3435263
1387,Thomas Prentice,461374
1388,Salvatore Puccio,261192
1389,JACK PULLAR,4322914
1390,Jen Purcell,1015750
1391,Tanner Putt,3402367
1392,Jacob Puzey,3952107
1393,George Pym,4203551
1394,Jan Pyott,105782
1395,Charlie Quarterman,12607349
1396,James Quattlebaum,2745282
1397,Perrig QUEMENEUR,13073542
1398,Manuel Quinziato,4334886
1399,Liza Rachetto,2026466
1400,Luca Raggio,6907454
1401,Juri Ragnoli,8946757
1402,mihkel r√§im,1755816
1403,Ben Ralphs,5952380
1404,Lenny Ramsey,6993
1405,Lukas Ranacher,765292
1406,James Randon,6203
1407,Jordan Rapp,6222
1408,Greg Ratzell,108291
1409,Cedric Ravanel,2133557
1410,Cecile Ravanel,146508
1411,Nikita Razumov,4034273
1412,Patrick Reagan,6206971
1413,Andy Reardon,5271873
1414,Cody Reed,20300885
1415,Tim Reed,557974
1416,Ollie Rees,5452411
1417,Allan Rego,1710748
1418,S√©bastien Reichenbach,117982
1419,Kiel Reijnen,12551938
1420,Philipp  Reinhardt,49597893
1421,Sebastian Reinwand,24606279
1422,Daniela Reis üáµüáπ,1615119
1423,Philipp Reiter,9354487
1424,Alexis Renard,40481594
1425,Sven Reutter,2571457
1426,JOANNA REYES,65967
1427,Wim Reynaerts,24362158
1428,Jens Reynders,1278272
1429,Brian Reynolds,27117126
1430,Galen Reynolds,6033817
1431,Kevin Reza,9984
1432,D RH,24954061
1433,Cory Richards,2799278
1434,Ian Richards,5589805
1435,Alexandar Richardson,196550
1436,Greta Richioud,28308729
1437,Jonas Rickaert,2835838
1438,David Riddle,1653144
1439,Iain Ridgway,4894864
1440,Oscar Riesebeek,479385
1441,Kilian  Rietzler,28378612
1442,Duncan Riffle,48365721
1443,Felix Rijhnen,5309477
1444,Richard Ringer,16389235
1445,Alan Riou,21346749
1446,Teresa Ripoll,1693533
1447,Sam Ritchie,1466247
1448,Coryn Rivera,543083
1449,Gary Robbins,13249
1450,Mary Robbins,2203032
1451,The Robear,8075081
1452,Adam Roberge,3984805
1453,Brett Robinson,22718385
1454,Alvaro Robredo,1004493
1455,Nicolas Roche,6136
1456,David Roche,11620352
1457,Megan Roche,386817
1458,Oscar Rodriguez,8758
1459,Fast Freddie Rodriguez,50757
1460,Ben Roff,143757
1461,Nicola Rohrbach,20067483
1462,Pierre Rolland,1799671
1463,Dominique Rollin,16529284
1464,Cardis Romain,2590526
1465,Thomas Roos,13057363
1466,Timo Roosen,336018
1467,David Rosa,33639192
1468,Claire Rose,540571
1469,Sam Rosenholtz,791428
1470,Justin Rossi,6913247
1471,Lorenzo Rota,22377272
1472,Bennie Roux,2871115
1473,Luke Rowe,2355371
1474,Dani Rowe,2455522
1475,Loren Rowney,4965467
1476,Joanna Rowsell,17096781
1477,J√©r√©my Roy,17516600
1478,Sarah Roy,2260636
1479,Aaron Royle,4067146
1480,Ben Rudson,2598348
1481,Timothy Rugg,1825457
1482,seth ruhling,6588412
1483,A Mama Runsnrides,5299946
1484,Rebecca Rusch,6600239
1485,Max Rushby,16572603
1486,Jonas Rutsch,19248089
1487,Kevin Ryan,2985817
1488,Kendall Ryan,4571461
1489,Alexis Ryan,586190
1490,Jacob Rytlewski (FasCat Coaching),2858063
1491,Bethany Sachtleben,8004531
1492,Cl√©ment SAINT MARTIN,1023571
1493,Sebastian Salas,16102568
1494,Sergio Samitier,3528986
1495,Travis Samuel,3382615
1496,Nick Samuels (RunStars.co.uk),8483601
1497,Christoph Sander,11320334
1498,Ryan Sandes,1758012
1499,Ilaria  Sanguineti,4658463
1500,Chico Santos Santos,1097683
1501,Marc Sarreau,6379583
1502,Jordan Sarrou,1562663
1503,yuki sato,9232885
1504,Jacques Sauvagnargues ,3056059
1505,Mike Sayenko,11760794
1506,Dakota Schaeffer,8482648
1507,Timo Sch√§fer,4215024
1508,Martin Sch√§ppi,133606
1509,Michael Sch√§r,254096
1510,Jason Scheiding,1905161
1511,Julian Schelb,18143228
1512,Patrick Schelling,2642132
1513,Simon Schempp,8672476
1514,Katie Schide,1093059
1515,Ronnie Schildknecht,2111315
1516,Andreas Schillinger,9736
1517,Johannes Schinnagel,2054448
1518,jason schlarb,7348371
1519,Fabien Schmidt,28941170
1520,Mads W√ºrtz Schmidt,240504
1521,Paul Schmidt-Hellinger,2217157
1522,Morgan Schmitt,1443957
1523,Matthias Schnapka,9087229
1524,Joab Schneiter,12376839
1525,Nathalie Schneitter,11477652
1526,Amy Schnittger,1706993
1527,David Sch√∂nherr,222024
1528,Fabi Schormair,4928927
1529,Christoph Sch√∂√üwendter,11654626
1530,Nick Schultz,1454785
1531,Marc Schulze,52724419
1532,Nino Schurter,3906165
1533,Simone Schwarz,742103
1534,K Schweiz4,3834960
1535,Marcus Scotney ,13153055
1536,Mark Scott,5438586
1537,Marc Scott,7347052
1538,Aaron Scott,135636
1539,Drew Scott,7798196
1540,Roberto Scottini,47597
1541,Stephen Scullion,7026027
1542,Patrick Seabase,6107295
1543,Molly Seidel,6434138
1544,Rudi Selig,1836077
1545,simon sellier,3175306
1546,Manuel Senni,1840470
1547,Eric Senseman,1923830
1548,Eduardo Sep√∫lveda,22358802
1549,Louis Serafini,640725
1550,Gonzalo  Serrano Rodriguez,20851684
1551,Arthur Serrieres,5005311
1552,Pieter Serry,1634771
1553,Nicolas Sessler,669507
1554,Ian Sharman,255147
1555,Amelia Sharpe,729308
1556,Vlad Shatrov,21378496
1557,Lucy Shaw,1038655
1558,Bob Shebest,50693
1559,Michael Sheehan,7780234
1560,Matthew Sheeks,1630827
1561,Chris Sherriffs,9393290
1562,Hiroki Shimura,281953
1563,Jarrod Shoemaker,13176333
1564,Jesse Shotland,880909
1565,Brian Shrader,12615695
1566,marion sicot,4106785
1567,Mitchell Sides,7208211
1568,Marcel Sieberg,5526389
1569,Jason Siegle,1758856
1570,Paolo Simion,3340479
1571,Ben Simmons,402439
1572,Quinn Simmons,15610991
1573,Julien Simon,279500
1574,Jenny  Simpson,4716562
1575,George Simpson,8527415
1576,Ramon Sinkeldam,119832
1577,Evaldas Siskevicius,22433281
1578,Jake Sitler,321346
1579,Pavel Sivakov,1083906
1580,Kristoffer Skjerping,3395561
1581,Vinjar Skogsholm,1130255
1582,Rozanne Slik,41161380
1583,Ivar Slik,5599966
1584,Carmen Small,1695462
1585,willie smit,2207736
1586,Haley Smith,9759708
1587,Abi Smith,2709284
1588,Sean Smith,563244
1589,Dion Smith,16155364
1590,Jason Smith -  :-),11391842
1591,Julia Soek,3841158
1592,Daan Soete,19311323
1593,Tom Soladay,30683682
1594,Marc Soler,4905731
1595,Julie Solvang,3243335
1596,Ben Sonntag,1000882
1597,Rodrigo Souza,553380
1598,Allan Spangler,200147
1599,Jamie Sparling,3125765
1600,Kate Spencer,8133029
1601,Eva-Maria Sperger,4851916
1602,Amanda Spratt,2490308
1603,Thomas Sprengers,21620962
1604,Amy Sproston,27185541
1605,Ben St Lawrence,1400765
1606,Ian Stannard,364482
1607,Julien Stassen,3507951
1608,Chris Stastny,1841156
1609,Maximilian Stedman,1741458
1610,Stijn Steels,683033
1611,Jannik Steimle,3415999
1612,√ñrvar Steingr√≠msson,16212440
1613,Christian Steinhammer,13568823
1614,Katharina Steinruck,2360736
1615,James Stemper,263443
1616,Robin Stenuit,723518
1617,Karla Stepanova,4276994
1618,Kerstin Stephan,3455800
1619,Lauren Stephens,21198621
1620,Simone Sterbini,7491815
1621,jeffrey stern,270912
1622,Peter Stetina,1711357
1623,Morabito Steve,9472341
1624,Steffen Warias Steve Warior,42057509
1625,Christofer Stevenson https://chotcoaching.wordpress.com,2194005
1626,Tom Stewart,8644778
1627,Jake Stewart,2271600
1628,Katherine  Stewart-Jones,6188
1629,Tyler Stites,16362182
1630,Andreas Stokbro,11983582
1631,Conrad Stoltz,260628
1632,Mike Stone,2406083
1633,Casper Stornes,19953932
1634,Madeline Strandemo,2937395
1635,Andreas Stra√üner,4592180
1636,Marla Streb,115083
1637,Anna Zita Maria Stricker,22512043
1638,Colin Strickland,16182341
1639,Chris Stuart,612282
1640,Sabrina Stultiens,5052895
1641,Gretchen Stumhofer,1886659
1642,Colin Sturgess,184950
1643,Simon St√ºtzel,2806297
1644,Jasper Stuyven,4774417
1645,Elina Sujew,381795
1646,Diana Sujew,24644516
1647,bernard  sulzberger,337576
1648,Danny Summerhill,2354874
1649,Dylan Sunderland,2918560
1650,Mike Sunseri,13598491
1651,Jaume Sureda Morey,10232221
1652,Laura S√º√üemilch,20563926
1653,Jasha S√ºtterlin,378624
1654,chris sutton,4910484
1655,Joe Sutton,1657853
1656,Yuzuru Suzuki,2159156
1657,Premysl Svarc,1162039
1658,Laurens Sweeck,10809463
1659,keegan swenson,432354
1660,Connor Swift,49803746
1661,Ben Swift,9224252
1662,Keegan Swirbul,13872795
1663,Wouter Sybrandy,1216273
1664,Joe Symonds,6744457
1665,Jeff Symonds,1358661
1666,Ryu Takaku,1141634
1667,Kosuke Takeyama,4532614
1668,Hiroyasu Tanaka,2213214
1669,charlie tanfield,1689651
1670,Harry Tanfield,5329526
1671,Audrey TANGUY,578640
1672,Bram Tankink,6037156
1673,Jake Tanner,17111737
1674,Natalie Tanner,2920206
1675,Kyle Taylor,2957348
1676,Kellyn Taylor,1803232
1677,Carlee Taylor,188734
1678,Ashley Taylor,15210607
1679,Starla Teddergreen ,1071647
1680,Matthew Teggart,6137589
1681,Laurens ten Dam,3376822
1682,Mike Terpstra,1809256
1683,Niki Terpstra Racing,1074765
1684,Tommy Test4,16257252
1685,Alison Tetrick,11997777
1686,Michael Teuber,6265105
1687,Mike Teunissen,2453180
1688,Ina-Yoko Teutenberg,192085
1689,Timon Theuer,1662769
1690,Edward Theuns,5651685
1691,Guillaume Thevenot,1413161
1692,Jeff Thies,4411135
1693,Gerben Thijssen,371357
1694,Benjamin Thomas,1843013
1695,Leah Thomas,4468784
1696,Jesse Thomas,9479785
1697,Jay Robert Thomson,278502
1698,Jacob Thomson,303084
1699,Leah  Thorvilson,6448444
1700,Maximilian Thorwirth,547053
1701,Steffen Thum,5954157
1702,Scott Thwaites,974099
1703,Steve Tilford,11435413
1704,Albert Timmer,630070
1705,Brian Tinder,71957
1706,Erica Tingey,9803888
1707,Jacob Tipper | Ribble Weldtite ,4498913
1708,Magali  Tisseyre,1124501
1709,Marco Tizza,9068
1710,Maarten Tjallingii,1649830
1711,Antwan Tolhoek,231604
1712,Tim Tollefson,4347433
1713,Tony Tomsich,4056360
1714,Alessandro Tonelli,3539975
1715,Ian Torchia,2116733
1716,David Torrence,384548
1717,Ian Torrence,34895835
1718,Pablo Torres,1602857
1719,Lauren Totten,14451
1720,Seth Totten,15932405
1721,Damien Touz√©,1959152
1722,Rory Townsend,16068533
1723,Roeg Trader,18663033
1724,Julien Trarieux,284774
1725,Helli Tre,5127538
1726,Cole Trickle,1466519
1727,Zuzka Trnovcova,4551860
1728,Ben True,10573633
1729,Sarah True,277969
1730,Jonathan Tryoen,867729
1731,Tori Tsolis,5474
1732,Serge Tsvetkov,57225497
1733,Aliphine Tuliamuk,2357529
1734,Daniel Turek,1751647
1735,Ben Turner,359688
1736,Martijn Tusveld,2289445
1737,Stephanie Twell,1876677
1738,Christopher Uberti,5543279
1739,kohei uchima,116788
1740,Ruy Ueda,4725228
1741,Isaac Updike,1367309
1742,Rigoberto Uran ,563273
1743,Arto Vainionp√§√§,623032
1744,Laura Vainionp√§√§,149300
1745,petr vakoc,335746
1746,Michael  Valgren,132899
1747,Boris Vall√©e,183904
1748,Wout van Aert,8412547
1749,Tom Van Asbroeck,8288236
1750,Greg Van Avermaet,12924172
1751,Dylan van Baarle,68120
1752,Tim Van Berkel,1893314
1753,Jan van Berkel,335369
1754,Felipe Van de Wyngard,269660
1755,Tuur Van Den Bergh,134614
1756,Kelly Van den Steen,2041772
1757,nick van der lijke,283726
1758,Neil van der Ploeg,1416243
1759,David Van der Poel,296844
1760,Mathieu Van der poel,7068194
1761,Tosh Van der Sande,15656336
1762,Ellen van Dijk,199092
1763,Jordi van Dingenen,16061889
1764,J van E,1316333
1765,Etienne van Empel,14762808
1766,Tejay van Garderen,1937992
1767,Brian van Goethem,32132781
1768,Mathias van Gompel,2754904
1769,Nathan Van Hooydonck,1005040
1770,Rudi van Houts,278195
1771,Rik Van IJzendoorn,1212323
1772,Guillaume Van Keirsbulck,4048714
1773,corne van kessel,1223199
1774,jef van meirhaeghe,1187926
1775,K√©vin van Melsen,513412
1776,Aaron Van Poucke,2560531
1777,Marten Van Riel,1760211
1778,Michael Van Staeyen,10265
1779,Bryony van Velzen,3052716
1780,Annemiek van Vleuten,3930966
1781,Ilan Van Wilder,2911188
1782,Dennis Van Winden,6281490
1783,kenneth vanbilsen,1845301
1784,Wout Vandegaer,5574348
1785,Henri Vandenabeele,4666728
1786,Ward Vanhoof,10513261
1787,Harm Vanhoucke,9325571
1788,Michael Vanthourenhout,2686441
1789,dieter vanthourenhout üáßüá™,189094
1790,Christine Vardaros  ‚ìã ,45051544
1791,Chris Vargo,1045728
1792,Alicia Vargo,2905502
1793,Alex Varner,1120791
1794,Jip Vastenburg,605510
1795,Jan Vastl / Maloja Pushbikers,2107988
1796,Sid Vaughn Jr.,10400121
1797,Jussi Veikkanen,19837380
1798,Simone Velasco,207840
1799,Jaco Venter,16010204
1800,Fran Ventoso,601041
1801,Ismael Ventura,1260560
1802,Clement Venturini,4681346
1803,Luke Verburg,1754389
1804,Otto Vergaerde,304929
1805,Suzanne Verhoeven,713550
1806,Florian Vermeersch,26919111
1807,Gianni Vermeersch,1252953
1808,Alexey Vermeulen,28950255
1809,Emiel Vermeulen ,2615414
1810,Ethan Vernon,1005867
1811,Carlos Verona,17555014
1812,Viktor Verschaeve,11152709
1813,Nathalie Verschelden CYV,42139655
1814,Katrien Verstuyft,11486080
1815,Louis Vervaeke,25809849
1816,Aaron Verwilst,8471540
1817,Lukas Verzbicas,3621657
1818,Mckay Vezina,593390
1819,arthur Vichot,373174
1820,Ricardo Vilela,9644
1821,Pablo Villa Gonz√°lez,17046618
1822,Pablo Villalobos,1291943
1823,Davide Villella,135819
1824,Thiago Vinhal,776985
1825,Adam Visokay,670999
1826,Flo Vogel ,13592
1827,Nils Voigt,1760759
1828,Rudy von Berg,12486720
1829,Marianne Vos,1194434
1830,Andrew Vos,40898227
1831,Paul Vo√ü,806678
1832,Vid Vrhovnik,8843343
1833,Luke Vrouwenvelder - lukeVcoaching.com,3585800
1834,Alexis Vuillermoz,19150197
1835,Lennie Waite,26853748
1836,Nick Waite,998674
1837,Jonny Wale | Huub Wattbike Test Team ,6850122
1838,Joey Walker,6701875
1839,Max Walker,306330
1840,Jelle Wallays,1088533
1841,David Wallmann,185890
1842,Jim Walmsley,41812275
1843,Max Walscheid ,340943
1844,Orla Walsh,2368262
1845,Philipp Walsleben,279726
1846,Red Walters üèÑüèΩ‚Äç‚ôÇÔ∏è,58171327
1847,Julien Wanders,5139200
1848,Liyang Wang,913823
1849,YiOu Wang,180305
1850,Larry Warbasse,45602268
1851,Caine Warburton,288769
1852,Michael Ward,173213
1853,Rab Wardell | Wardell Cycle Coaching,5889
1854,michael wardian,43684184
1855,Jordi warlop,6992780
1856,Kyle Warner,118945
1857,Antoine Warnier,222335
1858,Ernie  Watenpaugh,11673347
1859,Rob Watson,323139
1860,Cole Watson,357054
1861,Steve Way,120454
1862,Lindsay Webster,22241860
1863,Robby Webster,39780460
1864,Matthew Webster,58120
1865,SCOTTIE WEISS,807761
1866,Tim Wellens,21659897
1867,Brooke Wells,2547704
1868,Todd Wells,2283295
1869,Sam Welsford,6020142
1870,Stephan Wenk,3418802
1871,Kerry Werner,338452
1872,Mario Wernsd√∂rfer,781231
1873,Owen Westerhout,4395
1874,Lieuwe Westra,817333
1875,Jennifer Whalen,135919
1876,Jennifer Wheeler,1714205
1877,Half Wheeler,7917995
1878,Joey Whelan,1361755
1879,Jimmy Whelan,10563833
1880,Brad White,4957556
1881,Curtis White,21354533
1882,Nate Whitman,4993592
1883,Scott Wietecha,59707591
1884,Hiruni Wijayaratne,3232281
1885,Kirsten Wild,1406897
1886,Alex Wild,3435263
1887,Tayler Wiles,461374
1888,Turner Wiley,261192
1889,Pete Williams,4322914
1890,Cory Williams,1015750
1891,Chris Williams,3402367
1892,Justin  Williams,3952107
1893,Georgia Williams,4203551
1894,Lex Williams,105782
1895,Lily Williams,12607349
1896,Martin Williams,2745282
1897,Sam Williams NEO Pro Coaching,13073542
1898,Brad Williams-KISCoaching.com,4334886
1899,Nick Willis,2026466
1900,jack wilson,6907454
1901,Ruth Winder ,8946757
1902,Curtis Winsor,1755816
1903,Lukasz Wisniowski,5952380
1904,Kelsey Withrow,6993
1905,Natasha wodak,765292
1906,Chloe Woodruff,6203
1907,TJ Woodruff,6222
1908,Ryan Woods,108291
1909,Mike Woods,2133557
1910,Enzo Wouters,146508
1911,Tyler Wren,4034273
1912,Fred Wright,6206971
1913,brenna wrye-simpson,5271873
1914,Trevor Wurtele,20300885
1915,Heather Wurtele,557974
1916,Helven S Www.tex.vision,5452411
1917,Judith Wyder,1710748
1918,Helen Wyman,117982
1919,Maarten Wynants,12551938
1920,Henry Wynne,49597893
1921,Danilo Wyss,24606279
1922,Iskander Yadgarov,1615119
1923,Devon Yanko,9354487
1924,Simon Yates,40481594
1925, Jesse Yates,2571457
1926,Adam Yates,65967
1927,Kris Yip,24362158
1928,Shota Yoda,1278272
1929,Kohei Yokotsuka,27117126
1930,Minehiro Yokoyama,6033817
1931,Brandon York,9984
1932,Naoya Yoshioka,24954061
1933,Clayton Young,2799278
1934,Josu Zabala,5589805
1935,Rick Zabel,196550
1936,Katie Zaferes,28308729
1937,Ilnur Zakarin,2835838
1938,Camilo Zambrano,1653144
1939,Joanna Zeiger,4894864
1940,Andrey Zeits,479385
1941,Ruben  Zepuntke,28378612
1942,Ur≈°ka ≈Ωigart,48365721
1943,Maikel Zijlaard,5309477
1944,Georg Zimmermann,16389235
1945,Mykyta Zubenko,21346749
1946,Ben Zwiehoff,1693533
1947,Scott Zwizanski,1466247
1948,Mathieu B√©langer-Barrette | Mathos #barretendre,543083
1949,Jack Rees  | Ribble Weldtite,13249
1950,Dan Bigham | Ribble Weldtite,2203032
1951,J√©r√¥me Gilbert  ‚ö´Ô∏èüî¥ BBIKES ‚ö´Ô∏èüî¥,8075081
1952,Martin Haugo ‚û§ LO2W.eu,3984805
1953,Á¥òÂ§™ ÊùëÂ±±,22718385
1954,Amity üåû,1004493
1955,John Ellis üå™ T8.run,6136
